{
	"name": "dataflow_aggregate_data",
	"properties": {
		"type": "MappingDataFlow",
		"typeProperties": {
			"sources": [
				{
					"dataset": {
						"referenceName": "ds_sqldb_transactions",
						"type": "DatasetReference"
					},
					"name": "sourcetablesqldcnycpayrolldata"
				},
				{
					"dataset": {
						"referenceName": "ds_nycpayroll2020",
						"type": "DatasetReference"
					},
					"name": "historyfiles"
				}
			],
			"sinks": [
				{
					"dataset": {
						"referenceName": "ds_synapse_nycpayroll_summary",
						"type": "DatasetReference"
					},
					"name": "sinksynapsepayrollsummary"
				}
			],
			"transformations": [
				{
					"name": "union1"
				},
				{
					"name": "filter1"
				},
				{
					"name": "TotalPaidderivedColumn"
				},
				{
					"name": "aggregationgroupby"
				}
			],
			"scriptLines": [
				"parameters{",
				"     dataflow_param_fiscalyear as integer (2021)",
				"}",
				"source(output(",
				"          FiscalYear as integer,",
				"          PayrollNumber as integer,",
				"          AgencyCode as string,",
				"          AgencyName as string,",
				"          EmployeeID as string,",
				"          LastName as string,",
				"          FirstName as string,",
				"          AgencyStartDate as string,",
				"          WorkLocationBorough as string,",
				"          TitleCode as string,",
				"          TitleDescription as string,",
				"          LeaveStatusasofJune30 as string,",
				"          BaseSalary as double,",
				"          PayBasis as string,",
				"          RegularHours as double,",
				"          RegularGrossPaid as double,",
				"          OTHours as double,",
				"          TotalOTPaid as double,",
				"          TotalOtherPay as double",
				"     ),",
				"     allowSchemaDrift: true,",
				"     validateSchema: false,",
				"     isolationLevel: 'READ_UNCOMMITTED',",
				"     format: 'table') ~> sourcetablesqldcnycpayrolldata",
				"source(output(",
				"          FiscalYear as integer,",
				"          PayrollNumber as integer,",
				"          AgencyID as string,",
				"          AgencyName as string,",
				"          EmployeeID as string,",
				"          LastName as string,",
				"          FirstName as string,",
				"          AgencyStartDate as string,",
				"          WorkLocationBorough as string,",
				"          TitleCode as string,",
				"          TitleDescription as string,",
				"          LeaveStatusasofJune30 as string,",
				"          BaseSalary as double,",
				"          PayBasis as string,",
				"          RegularHours as double,",
				"          RegularGrossPaid as double,",
				"          OTHours as double,",
				"          TotalOTPaid as double,",
				"          TotalOtherPay as double",
				"     ),",
				"     allowSchemaDrift: true,",
				"     validateSchema: false,",
				"     ignoreNoFilesFound: false) ~> historyfiles",
				"sourcetablesqldcnycpayrolldata, historyfiles union(byName: true)~> union1",
				"union1 filter(toInteger(FiscalYear) >= $dataflow_param_fiscalyear) ~> filter1",
				"filter1 derive(TotalPaid = RegularGrossPaid + TotalOTPaid+ TotalOtherPay) ~> TotalPaidderivedColumn",
				"TotalPaidderivedColumn aggregate(groupBy(AgencyNameGB = AgencyName,",
				"          FiscalYearGB = FiscalYear),",
				"     TotalPaid = sum(TotalPaid)) ~> aggregationgroupby",
				"aggregationgroupby sink(allowSchemaDrift: true,",
				"     validateSchema: false,",
				"     input(",
				"          FiscalYear as integer,",
				"          AgencyName as string,",
				"          TotalPaid as double",
				"     ),",
				"     deletable:false,",
				"     insertable:true,",
				"     updateable:false,",
				"     upsertable:false,",
				"     format: 'table',",
				"     staged: true,",
				"     allowCopyCommand: true,",
				"     skipDuplicateMapInputs: true,",
				"     skipDuplicateMapOutputs: true,",
				"     errorHandlingOption: 'stopOnFirstError',",
				"     mapColumn(",
				"          FiscalYear = FiscalYearGB,",
				"          AgencyName = AgencyNameGB,",
				"          TotalPaid",
				"     )) ~> sinksynapsepayrollsummary"
			]
		}
	}
}