{
	"name": "df_mastertitle",
	"properties": {
		"type": "MappingDataFlow",
		"typeProperties": {
			"sources": [
				{
					"dataset": {
						"referenceName": "ds_mastertitle",
						"type": "DatasetReference"
					},
					"name": "sourcetablemastertitle"
				}
			],
			"sinks": [
				{
					"dataset": {
						"referenceName": "ds_synapse_NYC_Payroll_TITLE_MD",
						"type": "DatasetReference"
					},
					"name": "sinkmastertitle"
				}
			],
			"transformations": [],
			"scriptLines": [
				"source(output(",
				"          TitleCode as string,",
				"          TitleDescription as string",
				"     ),",
				"     allowSchemaDrift: true,",
				"     validateSchema: false,",
				"     ignoreNoFilesFound: false) ~> sourcetablemastertitle",
				"sourcetablemastertitle sink(allowSchemaDrift: true,",
				"     validateSchema: false,",
				"     input(",
				"          TitleCode as string,",
				"          TitleDescription as string",
				"     ),",
				"     deletable:false,",
				"     insertable:true,",
				"     updateable:false,",
				"     upsertable:false,",
				"     format: 'table',",
				"     staged: true,",
				"     allowCopyCommand: true,",
				"     skipDuplicateMapInputs: true,",
				"     skipDuplicateMapOutputs: true,",
				"     errorHandlingOption: 'stopOnFirstError',",
				"     mapColumn(",
				"          TitleCode,",
				"          TitleDescription",
				"     )) ~> sinkmastertitle"
			]
		}
	}
}