{
	"name": "df_masteragency",
	"properties": {
		"type": "MappingDataFlow",
		"typeProperties": {
			"sources": [
				{
					"dataset": {
						"referenceName": "ds_masteragency",
						"type": "DatasetReference"
					},
					"name": "sourcetablemasteragency"
				}
			],
			"sinks": [
				{
					"dataset": {
						"referenceName": "ds_synapse_NYC_Payroll_AGENCY_MD",
						"type": "DatasetReference"
					},
					"name": "sinkmasteragency"
				}
			],
			"transformations": [],
			"scriptLines": [
				"source(output(",
				"          AgencyID as string,",
				"          AgencyName as string",
				"     ),",
				"     allowSchemaDrift: true,",
				"     validateSchema: false,",
				"     ignoreNoFilesFound: false) ~> sourcetablemasteragency",
				"sourcetablemasteragency sink(allowSchemaDrift: true,",
				"     validateSchema: false,",
				"     input(",
				"          AgencyID as string,",
				"          AgencyName as string",
				"     ),",
				"     deletable:false,",
				"     insertable:true,",
				"     updateable:false,",
				"     upsertable:false,",
				"     format: 'table',",
				"     staged: true,",
				"     allowCopyCommand: true,",
				"     skipDuplicateMapInputs: true,",
				"     skipDuplicateMapOutputs: true,",
				"     errorHandlingOption: 'stopOnFirstError',",
				"     mapColumn(",
				"          AgencyID,",
				"          AgencyName",
				"     )) ~> sinkmasteragency"
			]
		}
	}
}