{
	"name": "df_masteremp",
	"properties": {
		"type": "MappingDataFlow",
		"typeProperties": {
			"sources": [
				{
					"dataset": {
						"referenceName": "ds_masteremp",
						"type": "DatasetReference"
					},
					"name": "sourcetablemasteremp"
				}
			],
			"sinks": [
				{
					"dataset": {
						"referenceName": "ds_synapse_NYC_Payroll_EMP_MD",
						"type": "DatasetReference"
					},
					"name": "sinkmasteremp"
				}
			],
			"transformations": [],
			"scriptLines": [
				"source(output(",
				"          EmployeeID as string,",
				"          LastName as string,",
				"          FirstName as string",
				"     ),",
				"     allowSchemaDrift: true,",
				"     validateSchema: false,",
				"     ignoreNoFilesFound: false) ~> sourcetablemasteremp",
				"sourcetablemasteremp sink(allowSchemaDrift: true,",
				"     validateSchema: false,",
				"     input(",
				"          EmployeeID as string,",
				"          LastName as string,",
				"          FirstName as string",
				"     ),",
				"     deletable:false,",
				"     insertable:true,",
				"     updateable:false,",
				"     upsertable:false,",
				"     format: 'table',",
				"     staged: true,",
				"     allowCopyCommand: true,",
				"     skipDuplicateMapInputs: true,",
				"     skipDuplicateMapOutputs: true,",
				"     errorHandlingOption: 'stopOnFirstError',",
				"     mapColumn(",
				"          EmployeeID,",
				"          LastName,",
				"          FirstName",
				"     )) ~> sinkmasteremp"
			]
		}
	}
}