{
	"name": "pipeline-transfer-titlemaster-synapse",
	"properties": {
		"activities": [
			{
				"name": "Data flow1",
				"type": "ExecuteDataFlow",
				"dependsOn": [],
				"policy": {
					"timeout": "0.12:00:00",
					"retry": 0,
					"retryIntervalInSeconds": 30,
					"secureOutput": false,
					"secureInput": false
				},
				"userProperties": [],
				"typeProperties": {
					"dataflow": {
						"referenceName": "df_mastertitle",
						"type": "DataFlowReference"
					},
					"staging": {
						"linkedService": {
							"referenceName": "ls_adls",
							"type": "LinkedServiceReference"
						},
						"folderPath": "adlsnycpayroll-sandeeps/dirstaging"
					},
					"compute": {
						"coreCount": 8,
						"computeType": "General"
					},
					"traceLevel": "Fine"
				}
			}
		],
		"annotations": [],
		"lastPublishTime": "2023-07-27T20:59:29Z"
	},
	"type": "Microsoft.DataFactory/factories/pipelines"
}