{
    "now": "2023-07-12T21:27:12.357Z",
    "perfNow": 1550911,
    "diagnosticCorrelation": "da000678-933e-4eb8-af41-103b48d5d1df",
    "source": "DownloadSupportFiles",
    "environment": {
        "productName": "adf",
        "buildVersion": "1.0.063023.12",
        "environmentType": 3,
        "resourceName": "udaadfactory",
        "resourceRegion": "eastus",
        "resourceGroup": "ODL-DataEng-238602",
        "subscriptionId": "d63f8116-7a20-4117-80f3-6b57296b37a5",
        "sessionId": "R2f2VqWJpQcJin00tZ7us0",
        "operationId": "",
        "gitType": "live",
        "loggingKey": "1c967cff-5bba-4ea7-a682-0e71aa1a77a6"
    },
    "additionalInfo": {
        "selectedResource": "ds_agencymaster",
        "selectedResourceType": "dataset"
    }
}