{
    "now": "2023-07-12T21:27:16.381Z",
    "perfNow": 1554934,
    "diagnosticCorrelation": "578241a9-87ef-491b-bd55-efb89c2c8920",
    "source": "DownloadSupportFiles",
    "environment": {
        "productName": "adf",
        "buildVersion": "1.0.063023.12",
        "environmentType": 3,
        "resourceName": "udaadfactory",
        "resourceRegion": "eastus",
        "resourceGroup": "ODL-DataEng-238602",
        "subscriptionId": "d63f8116-7a20-4117-80f3-6b57296b37a5",
        "sessionId": "R2f2VqWJpQcJin00tZ7us0",
        "operationId": "",
        "gitType": "live",
        "loggingKey": "1c967cff-5bba-4ea7-a682-0e71aa1a77a6"
    },
    "additionalInfo": {
        "selectedResource": "ds_empmaster",
        "selectedResourceType": "dataset"
    }
}