{
	"name": "ds_synapse_NYC_Payroll_AGENCY_MD",
	"properties": {
		"linkedServiceName": {
			"referenceName": "ls_synapse_dedicated_pool",
			"type": "LinkedServiceReference"
		},
		"annotations": [],
		"type": "AzureSqlDWTable",
		"schema": [
			{
				"name": "AgencyID",
				"type": "varchar"
			},
			{
				"name": "AgencyName",
				"type": "varchar"
			}
		],
		"typeProperties": {
			"schema": "dbo",
			"table": "NYC_Payroll_AGENCY_MD"
		}
	},
	"type": "Microsoft.DataFactory/factories/datasets"
}